https://www.nlvoorelkaar.nl/mijn-pagina/bericht/243480,2024-06-06,1
https://www.nlvoorelkaar.nl/mijn-pagina/bericht/245206,2024-06-06,1
https://www.nlvoorelkaar.nl/mijn-pagina/bericht/243479,2024-06-06,0
https://www.nlvoorelkaar.nl/mijn-pagina/bericht/245201,2024-06-06,0
https://www.nlvoorelkaar.nl/mijn-pagina/bericht/245253,2024-06-06,0
https://www.nlvoorelkaar.nl/mijn-pagina/bericht/243984,2024-06-06,0
https://www.nlvoorelkaar.nl/mijn-pagina/bericht/677637,2024-06-06,0
https://www.nlvoorelkaar.nl/mijn-pagina/bericht/677638,2024-06-06,0
https://www.nlvoorelkaar.nl/mijn-pagina/bericht/243480,2024-06-06,5


